Product Description,Category,Uniq Id
"Sunny Isle Ylang Jamaican Black Castor Oil, 8 oz",Hair Care,c4fa57c1506c1fc7c42c853c73248dc2
"Crafted with organic aloe vera extracts, this shampoo contains proteolytic enzymes, which help repair deaskin cells on the scalp. Further it helps in restoring the sheen and volume of your hair. Direction to use: brush your hair before washing to avoidant gling. Soak your hair completely with warm water. Put a small amount of shampoo onto the palm of your hand. Massage the shampoo into the scalp with your fingertips. Rinse with fresh water. I net weight: 100 ml.",Hair Care,d14c60b116211fb6219d7d2b7e2293af
Eufora Beautifying Elixirs Bodifying Conditioner - 8.5 oz by Eufora Hair,Hair Care,cd2cf57e9280a29f4a6cc5417d28231b
"Indigo Powder:- The Indigo powder is made using the leaves of indigo plant. Indigo Natural Hair Coloring Dye without Chemical Pure Herb Powder. Since Indigo Does Not Contain PPD It Has Been Widely Used To Dye Gray Hair Black. Indigo Is A Natural Color An Also Natural Hair Conditioner. Proven To Promote Hair Growth and For Cooling Scalp. Use:- How to Use:- (Option-1) Use Indigo powder After Henna, (Option- 2) Mixed Henna One part and Two part Indigo and make paste with normal water. Keep the paste up to 2/3 hour and then apply on your hair for 2-3 hours, you will get result after 12 hours. Even this product is pure natural so Its Coloring effect will be slow. Advise: - New Applicant apply this process two times within 3/4 days. Continue apply after 10 days to 15 days for better result.",Hair Care,74ce49f475ddd0985ea41414b468be4b
"Oil has been used for thousands of years for its wide range of applications and the same is originated from INDIA. Neem has become a hot new trend in cosmetics and in DIY skincare and hair care products for its extraordinary skin nourishing and soothing properties. Being particularly rich in Omega 6 & 9 Essential Fatty Acids makes this special oil particularly suited for soothing skin and hair care. Neem Oil has a very strong smell that is an acquired smell for many, but is commonly mixed with other oils or added to skincare or hair care products, which help mask the smell while still providing the desired benefits. Neem Oil can become solid when cool or even at room temperature due to the high essential fatty acid levels of the product.",Hair Care,a62fe6e3e986f0a75f9d9ed59c4dc1a8
"This hair care spa cap is safe and convenient to use, it is a indispensable tool for nursing your hair at home. The inner embedded plastic film is waterproof and anti-electricity, and it's detachable and convenient to be washed. It is suitable for use at home, salons, spas, beauty parlors and many more places like these. The stitching is good quality and the elastic is durable. This cap is made from waterproof material and is comfortable to wear.",Hair Care,7878a7aaece563097628842451fcfe96
The history of Whoo WhooSpa Hair Essence,Hair Care,497e4d9029702a2222688c6e82729d67
"Shagun Gold Henna, Popularly Known As Mehandi Is A Hair Coloring Dimension For Coloring Hairs Brown. It Is One Of The Best Natural Remedies For Hair Growth. Henna Is A Natural Herbal Powder Which Is Not Only Used For Coloring Hair, But Also Helps To Prevent Dandruff And Scalp Itching. It Acts As A Good Conditioner For Your Hair And Helps To Grow Your Hair. This is a 100% Pure Natural Indigo Powder very useful for hair.",Hair Care,84b10c69fb27c46aae714556e5ac0b86
Marc Anthony Instantly Thick Volumizing Conditioner 12.9oz (2 Pack),Hair Care,d3680464f489490c476cd9693f419dc9
"Khadi presents henna which is suitable for women, it comes in powder form. It is recommended to store this product in a cool and dry place.",Hair Care,02df8ab44e702a5434dd35dfd7971f08
"Hair oils fulfil the wishes of people desiring long and shiny hair. Hair oils provide the required nourishment to the scalp which in turn promotes a healthy growth of hair. An oil massage once a week is enough to provide essential nutrients that hair needs, thereby preventing hair loss and alopecia. . It also helps to keep the scalp dandruff-free, acts as an anti-depressant and aids in relaxation. As it is mineral-oil free, it gives smooth and manageable hair.",Hair Care,5d476bd18c18f378b24f0ed1cbc620ad
"AYUBHUMI Hair Fertilizer Oil is provided with hand picked a scientifically proven formula that enriches the scalp for ultimate hair growth, Potentially inhibits scalp issues of Dandruff, Alopecia, Psoriasis etc that cause hair thinning & hair fall.  AYUBHUMI Hair Mask Powder Guarantees Protection Against Premature Graying Of Hair. This Product Brings A Significant Change In Hair Re-Growth With Its Stimulation In Circulation. Purely Natural Made From Fresh Crops. Adds Radiance To The Skin With Its Cleansing Benefits. It Is Rich In Amino Acids That Nourish Your Hair, Strengthen Your Roots, And Keep Your Locks Lustrous And Healthy  AYUBHUMI Shampoo Effectively cleanses, conditions & soothes the hair. Deeply nourishes the hair & scalp to prevent hair fall. It is mild yet effective in preventing scaling & flacking & increasing hair growth. Furthermore, an addition of mehndi adds natural color beside its multifold hair benefits.",Hair Care,1b7e45a885744189e357e2e173c78661
"Khadi Red Onion & Curry Leaf Shampoo with Dispenser Helps To Fight Against Hair Fall & Heavy Dandruff, Flaky Scalp Disease, Cleanses Dead Cells To Prevent Dandruff And Repairs Damaged Hairs. 

men#reebok#women#training#nike#ight#nail#neck#blouse#notice#numbers#pins#question#papers#class#cbse#beard oil for growing growth men wax comb trimmer wash color colour softener capsules serum supplements regrowth faster gel smooth and shine patchy Orgon argan & geranium best face brush moustache mustache hair nose apron accessories growth activated charcoal scrub balm butter bib man boar bristles khadi onion oil for hair red Onion shaving bigen colour stylish cream care kit shaper dye die designer tool black design tools dense dark brown essentials fiber ultra essential ocean peel off mask deep cleansing grow hood itch itching idol il improve irish increasing instant jel jojoba jacket jall jelly jal jewellery lip love lite lotion line lit mug mugs needle roller ninza ninja nourishment net sikh pil of peal products qax qraa quotes anti-hair fall anti hair fall#aloevera#sweet almond hair, ideal for rough, dull & oily hair, loss act as hair tonic re-growth multisport#court#shoes#for#men#reebok#women#training#nike#ight#nail#neck#blouse#notice#numbers#pins#question#papers#class#cbse#beard oil for growing growth men wax comb trimmer wash color colour softener serum supplements - 35 ml faster gel smooth and shine patchy Orgon argan & geranium best face brush moustache mustache hair nose apron accessories activated charcoal scrub balm butter bib man boar bristles bombay shaving company bigen colour stylish cream care kit shaper dye die designer tool black design tools dense dark brown essentials fiber ultra essential ocean peel off mask deep cleansing grow hood itch itching idol il improve irish increasing instant jel jojoba jacket jall jelly jal jewellery lip love lite lotion line lit mug mugs needle roller ninza ninja nourishment net sikh pil of peal products qax qraa quotes",Hair Care,e1bfb42a68c90ba778a4f9c5376d1d23
"In Induces Hair roots to grow , It strengtheness hair, It blackness hair & stops groying. It gives sound in the night. it cool your head.",Hair Care,2b044033daf82fafac70195d88d25661
"üçÄThis natural, luxuriously figured anti dandruff shampoo cleanser is the response to liberating your scalp from obstinate dandruff. It supplies the skin with dampness and stimulates recovery. Enduring adequacy against the arrangement of dandruff, parities an irritated scalp, advances mending and ensures healing.üçÄ",Hair Care,c826a0edacc58f29bded9204a4acda6e
"Himalaya's anti dandruff shampoo gently removes dandruff and nourishes and strengthens hair roots, ensuring a healthy scalp. Natural ingredients help moisturize the hair.",Hair Care,fbc3537fd19a582607bfdf4085132cd0
"Best Khadi Pure Herbal Rose Body Wash, Reduce dullness of Skin, maintain Moisture in skin, brightening up your skin tone, Best use for better complexion.",Hair Care,276838f6b28aa9848cfb091eb1f72c9d
Tropic Isle Living Jamaican Black Castor Oil 8 oz (Pack of 3),Hair Care,3295d8af40ce229f219ddb76172c9993
"Every drop of Nyle Naturals Advanced Shampoo is Paraben free and filled with the goodness of natural extracts of Aloe Vera, Tulsi, Amla, and Green Tea. It fights dryness, giving smooth manageable hair. The pH balance of Nyle shampoo gives you the additional damage protection. This shampoo is free from any harmful ingredients and contains the goodness of nature‚Äôs hair-care ingredients. It moisturizes dry and rough hair to makes it soft & silky. The regular usage makes hair healthy. Besides protecting your hair and scalp from going dry, it also makes them smooth and manageable.",Hair Care,120514156d6b7ea559f247c284ba17e6
A miracle to your dry hair instantly hydrates your hair. Contains different proteins and 8 different vegetable ingredients that effectively nourish your hair. Cares your damaged skin with refreshing scent and texture.,Hair Care,a076a663f1e909f50b9616988e02618b
"A light moisturising shampoo that gives your hair brilliant shine! The special shine-enhancing formula of the shampoo locks leaves the hair deeply cleansed and luminous, resulting in silky hair. A moisturizing conditioner that gives your hair brilliant shine! This special shine-enhancing, 30-second smoothening conditioner locks moisture in, leaving the hair silky and smooth. Wella Professionals brings to you the first precious oil collection hair conditioner that is enriched with the goodness of Camellia oil and White Tea extract delivering intense moisture to reveal soft, luscious locks from root to tip.",Hair Care,b37d6e8129815697173d31d053f3b08d
"Using A Lot Of Chemicals Can Damage Your Hair And Lead To Breakage. Go The Natural Way And Care For Your Hair With This Safe Parvati Khadi Herbal Green Apple Shampoo And Conditioner. Made Using Purely Herbal Extracts, The Mild Shampoo Is Suitable For Use On All Hair Types And By Everyone Suffering From Dandruff. This Parvati Khadi Herbal Green Apple Shampoo And Conditioner Contains Amla Which Has Been Used For Years As A Perfect Agent To Stop Greying And Dandruff, Reetha Which Is A Natural Cleanser And Green Apple To Give Your Hair All The Nourishment And Conditioning It Needs. The Khadi Herbal Green Apple Shampoo Contains Almond Oil And Does Double Duty By Cleansing And Conditioning Your Hair At The Same Time. Just Lather On This Green Apple Shampoo And Conditioner And Get Soft, Manageable Hair In An Instant.",Hair Care,58748c823f6c7a627f07963a5fa77cf9
Ryoe korean herbal anti hairloss damaged hair shampoo conditioner. Each is of 500ml.,Hair Care,a2d16660b9e3bebf1c9b62091c352503
"All our oils are fresh and bottled daily. Expiration date is at least 12 month from sale date Organic Ingredients:100% Pure African Shea Oil Karite Botanical Name: Butyrospermum parkii Extraction Method: Cold Pressed Color: Pale yellow to Golden yellow Liquid Aromatic Description: Typical and Characteristic of Carrier Oils What African Shea Oil Does: This powerful skin treatment is made of Shea butter from the West African Karite tree, which means ‚Äútree of life‚Äù The nourishing quality of African Shea Oil restores balance and tone while improving elasticity. Made by West African for generations, this miracle oil has only recently hit the worldwide marketplace. The fatty acids in African Shea Oil stimulate cell growth and heal damage. This treatment can be used toa variety of skin conditions and to maintain healthy, nourished skin. Shea Oil is a good choice for inclusion in baby care, sun care, lip care and hair care products. Shea Oil can be blended with shea butter to soften it for direct skin application.",Hair Care,b88fca4d731e15460a86c9414750cd43
"Khadi Herbal Amla & Bhringraj Shampoo is the extracts of Amla, Reetha, Bhringraj, Haritaki, Henna and Neem contained in this shampoo makes the hair lustrous, healthy and manageable. Ingredients: Amla, Almond Oil, Bhringraj, Harathki, Henna, Citric Acid, Glycerine, Aqua, Neem Oil. Applicare: Wet hair, take shampoo according to hair length, massage all over scalp & entire hair length. Rinse off.",Hair Care,82bb44ea96d9d37d8c1ddf1854c12388
Pro Botanix Colour Protect Shampoo comes in a 1000 ml Bottle. Lends a nice shine to your hair.,Hair Care,47c1906feef08c0be4003c0503062e2f
"Nourish your hair using Dabur Anmol Gold Pure Coconut Oil regularly. - Enriched with the goodness of coconut and vitamin E, this oil promotes hair growth and brings back the volume of your hair. - Regular use of this oil prevents unnatural hair damage caused by the extremities of weather. - On the other hand, this oil also minimizes hair fall and inhibits premature greying of hair. - Besides, this oil releases your stress and promotes sleep when massaged thoroughly on your scalp. - It will give your hair rich and glossy look that you will love to flaunt",Hair Care,0eb87a076ed57426db6a9bc4dc7ca23b
"Signature Club A by Adrienne Precious Moroccan Argan Oil & Pomegranate Shampoo/Conditioner, 8 fl oz",Hair Care,65a188eefb2e08ccd12fb28cb050673f
"Tame unruly and rebellious hair and achieve manageable smooth strands with the Grape and Honey Softening and Smoothing Shampoo. Fused with organic grape seed oil and organic honey, this shampoo locks in moisture deep within your hair follicles. The result is hair that is smoother and softer for longer without a heavy greasy feel. This shampoo is suitable for all hair types. HOW TO USE Apply shampoo to damp hair, lather and rinse thoroughly. Repeat again if necessary. Follow with the Organic Shop Grape and Honey Softening and Smoothing Conditioner. INGREDIENTS Aqua, Sodium Coco-Sulfate, Lauryl Glucoside, Coco-Glucoside, Glyceryl Oleate, Mel*, Vitis Vinifera Seed Oil*, Hydrolyzed Wheat Protein, Glycerin, Sodium Chloride, Parfum, Benzyl Alcohol, Sodium Benzoate, Potassium Sorbate, Dehydroacetic Acid, Tocopherol, Citric Acid. Preserved with Benzyl Alcohol, Sodium Benzoate, Potassium Sorbate, Dehydroacetic Acid.",Hair Care,40615b94a65df5dd5038f1a8fa3ea693
Cantu Oil Anti-Break Strengthening - Inca Inchi 4 Oz. - Reinforces Weak Strands. No Mineral Oil. No Silicones,Hair Care,5621c294406988a56e99897a8081ebfc
Redken Extreme Anti-Snap Leave-In Treatment 8.1 oz.,Hair Care,43c706d5a1e057d77eb11d69ad3271eb
Bumble and Bumble Let It Shine Conditioner 250ml/8.5oz,Hair Care,434b6bd161ba27a9e3e3ac1622eb8cbf
"Shagun Gold Brown henna is a natural way of coloring hair and nourishing scalp with natural ingredients such as indigo powder, amla powder, henna powder, shikakai powder, bhilawa powder, hibiscus powder. It is an ideal way of coloring hair with the goodness of nature as all the ingredients are grown and seasonally. This brown henna will leave a warm hue of brown on the hair; depending upon the texture or base color. However, our natural henna is completely free from the content of ammonia, PPD or any other chemical.",Hair Care,a807fa3aad0028571182a737c4ec141f
"Net Contains : 500ml Neem oil is a Naturally Occurring Pesticide found in seeds from the neem tree. It is yellow to brown, has a Bitter taste, and a Garlic/Sulfur smell. While it doesn‚Äôt sound very attractive, neem oil can be very beneficial by providing an all natural pesticide that controls both pests and diseases. Loaded with nutrients, neem oil is also used in natural skin care products because it contains high levels of antioxidants that help protect the skin from environmental damage. Neem also helps fight free radical damage in the skin because it contains Carotenoids, which provide high antioxidant compounds. As a result, cold-pressed neem oil and neem extracts are widely used in cosmetics such as soap, Hair products, Cosmetics, Hand creams and Pet shampoos. Neem oil is usually comprised of a mixture of components. Azadirachtin is the most active component and is used for repelling and killing pests. After the extraction of azadirachtin, the portion left over is called clarified hydrophobic neem oil. As reported by Current Science, it works as an effective non-toxic insect control agent to agriculture. Since neem is also especially high in important fatty acids and vitamin E and can quickly penetrate outer layers of skin, it is extremely effective in healing dry and damaged skin. Benefits:  It works as an effective non-toxic insect control agent to agriculture.  Helps fight free radical damage in the skin  Loaded with nutrients  Promotes healing of wounds  Good for pets to relieve itchy conditions  Treats mange when mixed with Karanjin Oil.  Insecticidal used in Agriculture also",Hair Care,2082c2ebaa89981dacad6b7eab7a0298
Thicker Fuller Hair Instantly Thick Serum 5oz. Cell-U-Plex,Hair Care,2a3f443dbf687f786176aee09445c6d7
"From acne to dry skin, from wrinkles to sunburn, whatever be the problem, grapeseed oil is the best solution. Regular use of grapeseed oil makes the skin soft and supple while strengthening and fortifying the skin.",Hair Care,a08b5c8e58250b78924d1cf9f01d555e
"This Shampoo and Conditioner system, infused with authentic Moroccan argan oil, gently cleanses while making hair brilliantly shiny. Moroccan argan oil is a lightweight miracle oil that absorbs instantly and is known to give brilliant shine and long lasting conditioning benefits.",Hair Care,6d9f521c7eb0c0689441ec44bab62cb3
"Argan Oil from Morocco Repairing Deep Conditioner. HASK Argan Oil Intense Deep Conditioning Treatment with Keratin, is a super strengthening, hydrating treatment that will restore and smooth dry, damaged, chemically treated or over processed hair.",Hair Care,3111857ae9afd7607eaa7228f479974a
Fast-absorbing treatment for fine and thinning color-treated hair energizes the scalp and provides a healthy scalp environment to improve the appearance of thinning hair.,Hair Care,06eadbde48dff2e6333c60a262204400
"For best results use daily. Wet hair, massage into scalp, rinse. Repeat if desired.",Hair Care,7af3541a9fbf9d0ff72af0163109af0f
"Reap the benefits of shikakai, the oldest remedy and essential hair care element and enjoy hair that is so gorgeous and healthy, you can‚Äôt stop touching. Anti Dandruff and Hair fall The shampoo fights dandruff and hair fall, both problems that most people face during climate change. The shikakai spreads sufficient nutrition to your hair fibre to fight the effects of temperature and other elements that lead to weaker hair and other hair problems. Rejuvenates, Promotes Health and Vitality Shikakai ensures that your hair is supplied a rich base of nutrition that will rejuvenate hair from its previous state, the shampoo also will promote health and vitality so you flaunt locks that cause envy around the block. Natural Tonic The shampoo brings a natural tonic in its formulation that has for years been a home remedy for great hair so all you have to do is regularly wash your hair with this shampoo and you will be left with quicker hair growth. Improves Scalp Conditions The efficient formulation keeps your scalp cleansed and revitalized so your hair is provided a clean and healthy base to grow on. Prevents Hair Damage When every aspect that builds your hair up is provided utmost care, all signs of hair damage will be reduced but the nurture and health of your hair will stay better than ever.",Hair Care,45116b9eb11764794c4270adcaabbf6f
"Khadi Pure Gramodyog Herbal Orange Lemongrass Hair Conditioner is enriched with pure natural vitamin e oil, anti oxidants and essential oils for hair. It penetrates and seals the cuticle to fill the hollow unwanted cores of damaged lifeless and brittle hair. This moisturizing conditioner makes your hair naturally soft, silky, strong and shiny. Ingredients: Aqua, Citrus Sinensis (Orange), Aloe Vera (Ghrita-Kumari), Centella Asiatica (Mandukaparni), Glycyrrhiza Glabra (Mulethi), Trachyspermum Ammi (Ajwain ), Citrus Limon (Nimbaka), Cymbopogon Citratus(Lemongrass), Wheat Germ Oil. Applicare: After shampoo apply on entire hair length especially at the edges. Wait for a few minutes. Rinse thoroughly. Contents: 210ml Bottle.",Hair Care,909725aa72c54c34c04392e43e629269
Parachute Coconut hair oil brings to you the natural goodness of coconut. The essential purity makes Parachute Coconut hair oil a premium hair oil. Soaking bottle in hot water can liquefy the oil.,Hair Care,a5ef86d5def213b9a130e7bb11ec1d60
"Shea Moisture Jamaican Black Castor Oil Strengthen and Restore Conditioner By Shea Moisture for Unisex - 3.2 Oz Co, 3.2 Ounce",Hair Care,69b2ea94ded8fb27276cc5d5459041b1
Racine Hair lotion suitable for all hair types,Hair Care,8053075ba63746703f5318eac2652a8d
The best way to color your hair naturally is by using 100% pure mehendi powder. Henna has natural antifungal and antimicrobial properties that work to cool and soothe your scalp while giving it a natural tint. Our premium mehendi powder is made from pure henna leaves which are ground to perfection that will leave your hair moisturized and nourished,Hair Care,20ed2a0617af4e364f4b3a122b2f9fd1
"Botanical Name: Lawsonia Inermis Liberty International Organic Henna powder is excellent for dyeing hair. It gives rich reddish tone to hair and can be used with Indigo Powder for brown to black shades. Henna can be quite cooling to the scalp. This, in combination with its antimicrobial properties, helps maintain scalp health. It helps fight off scalp conditions like dandruff. It is also an excellent ingredient for balancing oil production and the pH of your scalp. It removes the excess oil from your hair, helping unclog follicles, and also restoring normal functioning of the sebaceous glands. The boosted scalp health, unclogging of pores, and balanced pH levels put a stop to hair loss and promote healthy hair growth. Not only will henna help your hair grow faster, but it will also improve hair texture. The nutrients in henna help nourish your hair while also repairing the damage. The balancing of the pH levels also helps seal the hair cuticle, leading to locks that are more lustrous. This helps improve hair elasticity. Henna builds a protective barrier around each one of your hair shafts, locking in moisture and keeping your hair conditioned. It can be especially beneficial when used in hair packs in combination with other hydrating ingredients. Henna helps minimize issues such as hair breakage and split ends.The product is processed under Organic Certifed processing facility and then packed in Food grade consumer packs under hygienic environment. we ensure that only fresh batches of products are packed. Note: The recipes given here are our suggestion only. This information has not been evaluated by Food and Drug Administration. This information is not intended to diagnose, cure, treat or prevent any disease, Please consult an expert before use.",Hair Care,071802b72fb67adb66165cfe34817fcd
###############################################################################################################################################################################################################################################################,Hair Care,ea8e32e93a96e2b2f1d5741d7e421b83
"This stimulating shampoo cream is the perfect complement for anti-hair loss treatments. It restores volume, strength and vitality to your hair and can be used as often as needed. Ducray Advantage : Stronger, more resistant hair 88%. Pleasant fragrance for 95% of users. Easy to apply: 90%. Ingredients Water (Aqua), Sodium Laureth Sulfate, Peg-7 Glyceryl Cocoate, Distearyl Phthalic Acid Amide, Polysorbate 20, Coco-Glucoside, Lauryl Betaine, Ceteareth-60 Myristyl Glycol, Acrylates/C10-30 Alkyl Acrylate Crosspolymer, Alcohol, Biotin, Citronellol, Dmdm Hydantoin, Fragrance (Parfum), Magnesium Aluminum Silicate, Methylisothiazolinone, Panthenol, Pantolactone, Polyquaternium-7, Pyridoxine Hcl, Ruscus Aculeatus Root Extract, Sodium Benzoate, Sodium Chloride, Sodium Hydroxide, Sodium Polynaphthalenesulfonate, Tocopheryl Nicotinate, Zinc Pyrithione. How to use product Apply first to damp hair. Lather. Rinse. Reapply by massaging the scalp for 2 to 3 minutes. Rinse thoroughly. To be used as often as needed",Hair Care,e9ce42f26e89ada69c2b24190eaef520
Deva,Hair Care,4f683a8904c34217511cb2c7b47d5700
Double Hathi Deluxe Mehendi,Hair Care,1a150cecde6297835d99203b24bfa852
"Difeel Premium Rejuvenating Hair Mask - Caviar 1.75 oz. (6-PACK) - for Lifeless Dull & Damaged Hair, Leaves Hair Lavish & Silky, Works to Smooth Frizz",Hair Care,f0af3d54bb40867554e8d3a8eb6a5572
Bandai,Hair Care,80cc0999e12456bf15b7845447439ddb
Hi-Pro-Pac Conditioner For Permed Formula 8 oz / 237 ml,Hair Care,9e3074f6b6dffad034beda178b3f80e9
"Size:3-Pack The package contains three containers of one 3.5 oz, 10.5 oz in total, of Meera Hair Wash Powder, which is a healthy and traditional method of shampooing your hair. The Powder is made from natural ingredients that nurture and protect the hair making it soft and healthy. Meera powder is a blend of flowers and herbs such as shikakai, green gram, tulsi, vetiver and reetha which cleanse the hair, leaving it fresh and shiny. The powder also contains Hibiscus and Fenugreek which act as deep conditioners and strengthen each strand of hair from the root to the tip.",Hair Care,664482f498128c19b217bb1a56cfb613
"Kerastase Bain Force Architecte shampoo is a brilliant reconstructing shampoo that replenishes and strengthens the hair fibre over time. Just imagine what your hair has to go through over time, blow dries, chemical processes and much more. No wonder, these factors can contribute to hair breakaging, split ends and dull hair.",Hair Care,109b822e157e44e2b5487b3f8ed8f778
"Inspired by the no pow (no shampoo) method used in the united states, the low shampoo is a new way to wash the hair. Switch your classic shampoo with a hair care enriched in 99% botanical cleansing agents. It's the new trend in the daily hair care routine. Let yourself be surprised by its new formula which does not foam. This delicate cleansing cream with organic hawthorn extracts protects the integrity of the hair fibre even used daily.",Hair Care,600494082bc9926d9dbc4b57d2abe4b8
"See a full head of hair in 30 seconds. Toppik is made of all-natural coloured keratin protein. Toppik fibers blend undetectably with your existing hair, instantly making it full and thick. Toppik fiberhold spray is a fine mist made to strengthen the bond between Toppik hair fibers and your existing hair, producing longer-lasting results. Toppik fiberhold spray is the perfect finishing step after applying hair fibers for natural-looking shine.",Hair Care,4fb246fc32aa6ad0e1cc8963975f6cef
"It protects and nourishes hair for the hair color to stay vibrant. Combination of natural ingredients like juvexin, aloe vera and natural flower seed oils lock color in longer to fight fade-out and penetrate deep to nourish damaged hair and make it shinier. This color shield conditioner unleashes the significant hair essentials such as the color protection, uv and uva shield and juvexin, which defy the true identity of healthy hair and healthy maintenance for the hair color.",Hair Care,5baa4c6575d74a6b48b94cabfaa0da8f
"Avon Beyond Color Lip Conditioner SPF 15. Instantly lips feel softer, smoother and firmer. Colorless to wear alone or under lip color",Hair Care,6b661d67f9a314a4d2a03b7804126fee
"Color:Aloe and Citrus This conditioner by bio creative lab utilizes the moisturizing and soothing properties of certified organic aloe vera together with the gentle, cleansing effects of certified organic citrus to leave hair feeling silky smooth and soft while leaving the scalp feeling energized and invigorated. Hair will look restored, refreshed and rejuvenated",Hair Care,84f098e4dcec6173b9cb498b8801c86b
"DR BATRA HAIR FALL CONTROL COMBO KIT - Hair fall control shampoo - contains watercress and Indian cress that makes hair stronger and stimulates hair growth, whereas Thuja stimulates the hair growth and controls hair fall. Hair Oil - oil contains tulsi, brahmi and thuja are the main contents. Where the tulsi stimulates the proliferating cells in the hair root to boost growth. Brahmi strengthens hair roots and thuja a good DHT inhibitor, balances the scalp oil production by improving blood circulation.",Hair Care,30b999bb69cb81cc7607d8a45c7f048c
"A lightweight conditioner, specially formulated with AHAVA‚Äôs propriety osmoter to help restore hydration of hair and scalp. Combined with Abyssinian seed oil, castor seed oil, vitamin e, aloe vera and chamomile extracts to nourish and extra soften the hair and scalp. Daily use of mineral conditioner eases in combing long hair and helps prevent breakage of fragile and dry hair, restores hair shine and color. Free of paraben, sls \sles, allergy tested and approved for sensitive skin.",Hair Care,1e340f55b40d6c690be2e822fb8c629e
Intensely hydrates skin and hair Reduces unsightly tangles Gives facial hair vitality and healthy glow Contains natural Ingredients Reduces beard itch,Hair Care,9e1b49d6ee219a6d446281a8ff631487
Cleanse by Label M Thickening Conditioner 300ml by Label M (English Manual),Hair Care,1666b7e380969e45f7b2f84cf32c26c7
"Item name: men beard nourishing natural plant oil beard shaped essence oil gift 30ml new description shipping payment contact us description features: brand new and high quality color: brown ingredients: essential oils of plants scope: men's general net content: 30ml product size: 10.5 * 3 * 3cm packing list: 1x√É√¢≈°√É√Ç¬†beard n ourishing oil 30ml shipping item will be shipped within 24 -48 hours after full payment is received. normally the shippment to worldwide is used to take 15 to 25 business days, exclude sat & sun. payment we accept paypal only. payment must be received in 7 business days of auction closing. please leave note for your special request (e. G. Colors or size) in ebay note when you pay the order. any special request cannot be accepted after 24 hours of payment, because most of orders will be processed instantly and same day dispatched. contact us if you have any questions, please feel free to email our servicer √É√Ç¬Ø√É√Ç¬º√É√¢and we will reply you asap. If no response within 24 hours, please check the spam of mail box or kindly re-send it to us. we greatly appreciate your positive feedback. Please do not leave negative or neutral feedback without any contact. If you haven't received item in 45 days, please contact us and we will arrange refund or resend",Hair Care,a249c827d3ddef4fa7fcdd962bdb4ea2
"Alberto VO5 Healthful Green Tea Therapy Smoothing Conditioner. Long lasting fragrance. 5 Essential Vitamins for healthy, beautiful hair.",Hair Care,9c6e4b78a7c5e2e8bb5c08d8bfb036cc
"Coconut oil reduces protein loss and is beneficial for the health of the hair, provides nutrients for the hair, coconut oil is often said to be the best oil to use on your hair to reduce protein loss and be beneficial for healthy hair, provides nutrient hair Sun protection: UV filters can help protect your hair from sun damage.",Hair Care,890d49cce5a338aa3a3b41ec21859739
Joy Hair Fruits Shining Black Revitalizing Shampoo with Amla and Black Grapes offers quick nourishment to the scalp to revitalize dull hair and encourage shiny black hair. Regular use rejuvenates tired hair and offers healthy shine.Amla prevents hair loss and improves hair growth. Rejuvenating and revitalizing properties in Amla helps make the hair exceptionally shiny and lustrous.Black Grapes work towards making the hair smooth and gentle. Strengthens hair roots and gives beautiful and luxuriant hair.,Hair Care,f728afe52435e9eb2f0013bf765e9f7e
Cool your body with a weekly routine of oil bath with meera herbal hairwash powder.,Hair Care,cbafcb1457f6944d652763c33908ef34
"Unique advantage of caffeine, biotin, hair and scalp conditioners. Daily Care shampoo specifically designed for men.",Hair Care,387fa1bfcaf4476a75d895444cc45551
"A coconut oil base shampoo for oily hair. It is a shampoo with dandruff control active.Contains pure extracts of Brahmi, Amla, Kayyuanni and Karinochi. Ingredients: Potassium Cocoate (Saponified Cocos nucifera), Sodium Lauroyl Sarcosinate, Extracts of Brahmi (Baccopa monnierii), Amla (Emblica officinalis), Kayyunni (Eclipta alba), Karinochi (Vitex negundo), Green Tea Extract (Camelia sinensis), Phenoxyethanol, Tocopherol, Panthenol, Hydrogenated Castor Oil, Pure essential oils of Holy Basil (Ocimum sanctum), Lemon (Citrus limonum), Fennel (Anethum graveolens). Pack of 100ml",Hair Care,6210667d0205ab3a18e6711c07a4e409
"Boost your hair care routine with the Finesse Volumizing Conditioner to lock in moisture, without weighing your hair down.",Hair Care,c68c5805c39b86bdde1a3ed72c742810
"A luscious smoothing mask for rebellious hair enriched with pro-keratin plus kukui & evening primrose oils helps nourish & hydrate hair while polishing its surface provides up to four days anti-frizz effect, even in high levels of humidity purifies both hair & scalp while taming unruly hair unveils softer, smoother, shinier & more manageable hair",Hair Care,0f504b86cecd250a95383cb8a32d3598
AMLA POWDER IS 100% ORGANIC POWDER NATURAL CONDITIONER RICH IN VITAMIN C.USE: MIX AMLA POWDER WITH WATER TO MAKE A PASTE IN SUITABLE CONSISTENCY.ALLOW THE PASTE ON HAIR FOR 60 MINUTES & RINSE THOROUGHLY WITH WATER.,Hair Care,62a3cc912c12ea99bf345e32475d17f3
"This richly lathering shampoo is packed with real beer which has excellent conditioning properties. It protects against hair damage from the roots leaving it strong and healthy. Leave you hair shiny, non-sticky and bouncy with Park Avenue beer shampoo.",Hair Care,cca0d711ca8f2ed643846b2f32e6bf59
Hesh Pharma Ancient Formula Almond Hair Oil 200 ml oil,Hair Care,d6d61b68c477d26c5725fd26707d08da
"World‚Äôs most natural shampoo ‚Äì 94% Leaf Juice, only 6% Preservatives and Surfactants. Goodness of Ayurveda for Shiny Hair.",Hair Care,ad3c3cca9e9126710776c617f85a6079
Sheer Blonde colour Renew Shampoo and Conditioner neutralise brassy and yellow tones and help make colour treated hair appear bright and salon fresh.,Hair Care,35f3b71d7007917b005cf5fb083e903b
"Activated charcoal ‚Äì also referred to as activated carbon ‚Äì is charcoal that has undergone a heating process that makes it safe for medicinal use. This process, which increases the charcoal‚Äôs adsorptive ability, allows it to expand into a porous surface capable of trapping a multitude of toxins and chemicals. While natural oil production is necessary for keeping our skin moisturized, glowing, and free of wrinkles, too much can be a problem. Oily skin can trap dirt and other impurities from the environment, which then sit on our skin and result in clogged pores‚Äîespecially if you aren‚Äôt regularly exfoliating.Activated charcoal, again with its adsorptive quality, can bind to these impurities and excess oil, while gently loosening deeply-ingrained particles with its gritty texture. Liberty International Activated Charcoal Powder is made from Coconut Shell. The product is packed in Food grade consumer packs under strict supervision.we ensure that only fresh batches of products are packed.",Hair Care,9019b7cf78763487e8c44fc1cb9470c4
"Key Ingredients: Almond oil gently nourishes, softens and protects your hair and scalp. Vitamin B calms and stimulates hair and scalp. Extract of oats repairs and restores the moisture balance in your hair, nourishes and calms your scalp. Wheat protein is a nourishing conditioner. Coriander and Black pepper stimulates blood circulation in your scalp",Hair Care,daa492df1004435f7b3fa80061488ea1
"Philosophy Living Grace Shampoo, Bath & Shower Gel 480ml by philosophy",Hair Care,d19897b26e1ddd4371c05808427005f9
"Pamper your locks to an infusion of henna, almond oil and honey with this ultra-gentle and mineral-rich Khadi Herbal Honey & Almond Oil Shampoo that is a safe and gentle way to cleanse your hair.",Hair Care,b9963075e5c7feca64e8e1dad6fb95e2
"Badass Beard Care Beard Oil For Men - El Burrista Scent, 1 oz - 100% Natural and Organic Food-grade Ingredients, Soften Hair, Hydrate Skin to Get Rid of Itch and Dandruff and Promote Healthy Growth",Hair Care,fcdfb153c77af5d5c32555df64b9a7f0
"This khadi hair growth shampoo for combined hair is packed with anti hairfall and antidandruff properties of green apple, amla, bhringraj and almond oil. It is a potential natural formula for strengthening your tresses. This ayurvedic hair cleanser promotes hair growth and also makes sure that your hair fall is under control. It also acts as an ultimate anti dandruff shampoo as green apple works wonders to fix dandruff and leaves your hair completely flake free.",Hair Care,49562f8456a3557c3afcf4b144c232e8
"QUANE COSMETICS Organic Jojoba Oil | 100% Pure , Unrefined , Cold Pressed , Hexane Free | For Soft , Hydrated Skin & Hair 8 fl oz",Hair Care,880a2f13080da463940c59f83693892e
Nourishing shampoo and conditioner that comes with Whole blends avocado shea.,Hair Care,193847612377b18257a68a7626ed9cc8
"Fresh walnut ,Argon oil and almond oil work together to soothe, de-frizzy hair and give it that special ,silky smooth finish . Kukui nut oil protected Hair from sun and pollution damage. While jojoba oil moisturize your hair .",Hair Care,389722944558e0a600822b8efeb0f4d6
"Yuko Phiten Bella Treatment - For Dry, Sensitized and Chemically Treated Hair",Hair Care,06607f585f1c2bdda54ffc6998bf6bad
This is highly enriched argan oil essence for the damaged hair. Fermented vegetable oil give rich moisturizing & nutrition to the damaged hair. So it makes hair soft & sleek & healthy. Plus it is speedily absorbed in the hair since it has excellent absorption.,Hair Care,768f70a06e7f423d9343fb9da8850566
Size:4 oz Rainbow Henna Coats each hair's shaft with color. Smooths and seals the hair's cuticle for greater shine. Texturizes hair and gives it body. Blends naturally,Hair Care,f56dd5d42b4d895ab0ae02f85872bc56
Non greasy formula;Deep conditioner;Perfect for colour treated hair,Hair Care,27c97a19fe79ab85a963faac82e85fa0
"Enriched with the essentials oils of Eucalyptus, Rosemary, and Lemongrass, this completely SLS-free shampoo stimulates your scalp. We also blended in some Coconut Oil procured from the sky-high trees of God‚Äôs very own country, and molded a shampoo bar that cleanses and revitalizes the hair, while also leaving it soft and nourished.",Hair Care,9af9b2a93f75d4147ef4ada0122ca3c3
Our organization is counted amongst the most distinguished suppliers of a prominent range of Car Wash Shampoo 500 ml.,Hair Care,3081144b7e7be3616b5173779cb09b47
"Key Ingredients : Sodium Lauryl Ether Sulfate, Cocomidopropyl Betaine, Glycerin, Sodium Chloride, Cocamide Di Ethylene Amide, Polyquaternium 7, Phenoxy Ethanol, Perfume, Triethanolamine, Dimethiconol, Tea Dodecylbenzenesulfonate, Guar Hydroxy Propyl Trimonium Cloride, Sodium Gluconate, Methylisothiazolinone, Color , Water.Stimulate hair follicle growth and are effective in strengthening hair roots and controlling hair fall Improves your hair texture to reduce hair fall due to breakage Hair Fall control ; Suitable for all hair types ; Can be used on color treated hair Hair Type: All hair Types Package Includes: 1 Anti hair Shampoo",Hair Care,275ac68539f5fc2f471cd14ffe5962c8
Osmo Silverising Conditioner - 280mL,Hair Care,e0543b5238f05d5d8ac1232f879fc285
"It resist combing damage & chronic dryness from frequent shampooing. Restore your hair's moisture, shine and resist combing damage. Reetha- Rich in saponin, make hair healthy, shiny and lustrous.",Hair Care,ca666dce0e65ee600ff6f0b8d3846ecc
"Arganicare Shampoo 13.5 oz;Arganicare Conditioner 13.5 oz;Arganicare Hair Masque 16.9oz;Increase softness, moisturize and restore hair vitality;Free Shipping",Hair Care,cd22c8e5bff091d9d05a929a7d956217
Every Strand Simply Curls Coco Oil/Shea Curl Creme 15oz Jar (2 Pack),Hair Care,c4103f11f7dc929e3ede50eb83842626
"HairRx Professional Hydrating Shampoo with Pump, Light Lather, Coconut Scent, 10 Ounce",Hair Care,eb759536678703f758cdbcdc942eb2b8
"Item Type: Electric Manicure Drill & Accessory, Material: Acrylic, Size: pc, Brand Name: AriesLibra, Model Number: Drill Bit, Plugs Type: EU & US, Product Name: Long Pointed Head Drill Bit, Category: Electric Manicure Drill & Accessory, Type: Electric Manicure Drills, Item: Rubber Nail Art Drill Bit, Color: 7 Colors, Nail Bit: Nail Drill, Manicure Drill Machine : Files Art Tool, Accessory: Electric Files, Manicure Drill: Nail Drill Bit, Material: Rubber, Unit Type: piece, Package Weight: , Package Size:",Skin Care,e155baf9e23fa8b86623952c42e93826
Caress Body Wash Love Forever 13.5 oz (Pack of 3),Skin Care,f9f9a46bb6f11e3767733b8014370128
"Tea tree oil, also known as melaleuca oil or ti tree oil, is an essential oil with a fresh camphoraceous odor and a color that ranges from pale yellow to nearly colorless and clear. ‚Äì Using tree oil as a natural hand sanitizer may help kill a number of germs responsible for colds, flu and other illness ‚Äì Tea tree oil has been shown to kill or repel insects ‚Äì Applying a mixture of tea tree oil and coconut oil can help prevent minor cuts and abrasions from becoming infected ‚Äì Tea tree oil appears to be as effective against fungal nail infections as anti-fungal medications applied to the area ‚Äì It can be mixed with water and vinegar to create a chemical-free, all-purpose cleaner for your home ‚Äì Applying a mixture of tea tree oil and coconut oil may help relieve the symptoms of psoriasis",Skin Care,4681498cc39794d5decfa1cd5040b8f1
"Condition: New: A brand-new, unused, unopened, undamaged item Brand: KORA Gender: Unisex Formulation: Serum Features: Contains Hyaluronic Acid, Contains Amino Acids, With Algae, Whit Wheat Germ, Alcohol-Free, All Natural Ingredients, Cruelty-free/No Animal Testing Target Area: Face / Neck / D√©collet√© Size: 30 ml (1.06 Fl Oz) Skin Type: All Skin Types Country/Region of Manufacture: Russian Federation UPC: Does not apply",Skin Care,845258ba60c8bb4d25b90449af6bdafe
Amino Collagen The future of beauty The future of beauty is here! Amino Collagen is India‚Äôs first beauty supplement & most effective collagen source for healthy & naturally glowing skin from within.,Skin Care,8ee19e1872d3df64760a833a49328aab
"In addition to salicylic and glycolic acids, Glysa Clear Scrub uses finely ground jojoba meal to gently scrub away dead skin cells and excess sebum, and like our Glysa Clear Exfoliating Solution, it will not strip your skin. You just massage the scrub into your skin for about 3 seconds, and then rinse away with warm water. As you massage the scrub into your skin, you will feel some slight stinging. This is nothing to worry about, as it is only the salicylic and glycolic acids working to resurface and renew your complexion",Skin Care,fac9ad25ce70bf3eecf43d0810446561
Honey & Kesar are used as natural skin nourishers. Honey Kesar Cream is specially formulated to benefit the skin to restore natural glow and softness.,Skin Care,2ec3fa9223bcb8066aa79b9a7d6fbc14
Make your skin tone look bright & radiant in 1 week * Protect your skin from sunlight * Reduce dark spot & acne * Reduce wrinkle and bring back youthful look * Quality guarantee by 7 innovation award Thailand 2015 Size : 42 g. Quantity : 3 sachet x 14 g,Skin Care,dc31f23f522ff4572590cc106120735c
Korean Natural BOTONIX Age Defying Cream 24K Gold and 8 Peptides Effect Lifting and Firming Skin Regenerating Collagen - 50 ml/1.7 oz. Bundle with 1 Mud Mask - 30 gm Randomly Picked Flavor,Skin Care,fa5b07fd7f29b0324f4ea5da409ea2c1
"Item Type: Treatment & Mask, Feature: Moisturizing,Oil-control,Anti-Aging,Pigmentation Corrector,Whitening,Depth Replenishment,Acne Treatment, Ingredient: Wild Honey Essence, Country/Region of Manufacture: China, NET WT: 10 pcs, Gender: Unisex, Certificate Number: 2017045265, Formulation: Liquid, Certification: GZBJZ, Use: Whole Face, Type: Wrapped Mask, Model Number: QD075A, Unit Type: piece, Package Weight: , Package Size:",Skin Care,532de07266f4ddf65c1dfa439b14f876
PINK ROOT SHEA BUTTER CREAM 100G WITH CLEAN & CLEAR APPLE FACE WASH,Skin Care,d58cfc44428e90d925956be44326e0dd
"Manufacturers, suppliers and others provide what you see here, and we have not verified it. See our disclaimer Free Shipping Pack of 2 Pack of 2 for the UPC: 010181040085 Proven formula. Extraordinary results.MoisturizerE.T. BrowneActive Ingredients:Cocoa (Theobroma Cacao) Extract; Mineral Oil (Paraffinum Liquidum); Microcrystalline Wax (Cera Microcristallina); Cocoa (Theobroma Cacao) Butter; Dimethicone; Fragrance (Parfum); Tocopheryl Acetate (Vitamin E); Carotene (Cl 40800)Use immediately following exposure to the sun and wind. Use daily for a soft, youthful appearance.Uses:Helps smooth and blend unattractive marks and scars. Tones skin.",Skin Care,fbeee4d5d90cc92c97478819c5196d0b
Bergamot essential oil is extracted from fresh peel of the fruit of Bergamot oil that is botanically known as Citrus bergamia. The oil is emerald green in color & smells spicier than lemon but with similar citrus quality. It is main ingredient in eu-de-cologne & commonly used in toiletries to refresh and relax. This oil is widely demanded as skin-care oil. The unique fruity and subtly spicy aroma of this oil also makes it a perfect choice for diffuser in residential and commercial complexes.,Skin Care,5b7540ac0477072b72560869ccd6029d
"Description: anti-slip socks with gel lining to moisturize the whole feet designed to moisturize and soften the skin and make your feet looking fresh and soft to touch work continuously to soften and whiten feet or repair the dry and rough feet use alone or in conjunction with moisturizing, whitening, or medicated creams inside gel socks are with added natural essential oils and vitamin e completely lined with moisturizing gel, not part of inside high tensile strength and elasticity moisturizes your skin back to a natural, healthy look constantly moisturize skin, nourish the smooth, increase flexibility each use time 20-30 minutes is recommended suitable seasons: 4 seasons, match with moisturizing, whitening or medicated creams to use frequency of use: 3-5 times / week color: pink material: cotton + gel, fits for the most care: hand wash do not dry clean or bleach water temperature under 30 use neutral detergent do not put directly in sunshine keep it tiled after use do not peel the gel footfultm professional footful 's team is multinational, bringing together expertise in design, manufacture and application of foot care products, delivering the maximum value to the market's needs.",Skin Care,c899811a6cf9ce1929f928e6c003f6d4
"FULLY combo of set of 2 bathing loofah 1 hair brush comb foot scrubber stone with holder precision micro-files that gently remove calluses and dead skin to give your feet the incredible baby soft look and feel that everybody loves. This is a great tool for removing calluses at home use. Bath Loofah Soft and flexible can rub out many bubble, without harming the skin. Perfect shower gel and soap, can produce rich foam, thoroughly clean the skin of the whole body. Exfoliating with a loofah is easy .It takes just a few minutes in the shower and can help make your skin smooth and silky soft.Scrub your body with the loofah and Rinse your skin with warm water.Easily loosen and remove the top layer of dead skin cells Wooden hair brush with cushion for normal and detangling hair, small, travel size. is growing in make up accessories and hair brushes products at. We understand the need of the growing market like India and design the product to suit the requirement of said target audience with products are products by experts for professional use.",Skin Care,d8e01af39b1a2474f75fcc562e494a1d
Lizard Lips SPF 22 Lip Balm - Original Vanilla 4 Pack (4),Skin Care,0701ad26829cef661435ffbaf3069220
"The Dry Skin Essentials kit is a 4 step process to soothe and revitalise dry skin. The most common cause for dry skin is the loss of moisture and the inefficient production of natural oils in the skin that leads to an uncomfortable tightening of the skin, especially after a swim or a bath. Dry skin also causes dullness, fine lines and flaky skin that further result in itchiness. Fortunately for you, our Dry Skin Essentials will provide the right resolution and deliver gorgeous, immaculate skin. Here is a quick luxurious way to cleanse and nourish the skin while dissolving surface impurities and makeup. This kit comprises of a rich collection of aloe vera, rose hip, almond and jasmine, packed with other skin loving nutrients that help balance the moisture in the skin. Never before has the CTM regime been complemented with an aromatherapy blended skin oil. Follow the simple steps to relish exceptionally hydrated, rejuvenated and well nourished skin. For best results, use our cleanser; toner; blended skin oil and moisturiser as their intricate composition complements one another in order to work their magic to keep your skin well hydrated and graceful.",Skin Care,5267bc9c7d1ca368a93c5ce0849208a8
"Item Type: Treatment & Mask, Feature: Moisturizing,Oil-control,Whitening, Use: T Zone, Brand Name: LANBENA, Ingredient: Masks, Formulation: Gel, Gender: Unisex, Model Number: LANBENA Blackhead Removal Mask, NET WT: 30g, Type: Peel Mask, Type: Masks, Unit Type: piece, Package Weight: , Package Size:",Skin Care,73a58ce599d942e2e545c9308d14518d
"Description P. O Care uses 100% natural extracts in the perfect proportions to create the best formulations, which ensure an excellent treatment for its customers. The Orange Body Butter helps to hydrate the skin by replenishing the nutrients. The active ingredients used ‚Äì 100% natural extract is rich in antioxidants helping to reduce wrinkles and is rich in vitamin C aiding skin growth and repair and preventing acne and making the skin glow. The result, is a mildly fragrant, hydrated skin with a youthful, natural glow. How to Use Every morning, after shower apply adequately on the body and massage in circular motion till absorbed. Every night, before going to bed apply sparingly on the body and lightly massage till absorbed. Benefits: With regular use of the Pineapple body butter the skin becomes even toned, soft and youthful.",Skin Care,d75e0a977c7dccd9516374015c759cce
"KILLER is one of the pioneering and leading fashion accessories brands of India, offering the best in lifestyle fashion.",Skin Care,53203ff308963cf1d13aa571aa1619cf
"Features 

 Material: Man-made fiber

 Color: White

 Size(approx.): 12.5*5.5CM

 Package: Cleansing instrument X1 

 „ÄêDouble-sided „ÄëDouble-sided brush head provides gentle face wash or deep cleansing pores on your face.

 „ÄêSafety„ÄëUse this manual face brush when you take a shower, say goodbye to potential leakage, more convenient and safe

 „ÄêMultipurpose„Äëthis cleansing brush can easily remove cosmetics, oils and exfoliation when you wash your face.

 Note:

 Please allow 1-3mm difference due to manual measurement. 

 Due to the difference between different monitors

 The picture may not reflect the actual color of the item. Please understand,Thank you.",Skin Care,faca9b7acb6836d84c57f97e7b3a1513
ShopUSAIndia SEPHORA COLLECTION Face Mask - TYPE:¬†Green Tea¬†- Mattifying & anti-blemish - Standard size,Skin Care,716adff87c91e046cffc36543a636f3e
"A potent serum that gives skin a second chance against lines, wrinkles, and sun damage.",Skin Care,ccfd56a9dd881f9954c87dea8193c1e1
"FACE SERUM :A Precious and Ancient blend of Tea Tree Oil with other magical oils which has Skin Loving and caring Properties. The bend is unique and perfectly made to love your skin. Contains: 1.Tea Tree: For years, people have used tea tree oil to help with skin. It is one of the best oil for the skin. It is anti-acne, antiseptic and antibacterial. And helps in a smoother and fresher skin. It also tightens the pores and unclogs them. 2. Argan: It hydrates the skin and also helps in anti-aging. 3. Rosehip: One of the best anti-oxidant. It is also anti-aging and soothing to the skin. 4. Lavender: calms the skin. t is commonly used to speed up the healing process. lavender won't clog your pores and got the natural antibacterial and antiseptic properties. lightens skin & prevent wrinkles 5.Frankincense: Unique and powerful ingredient. Anti-aging and anti-acne. Also contains NO CHEMICALS and NO PARABENS & ROSE WATER : Its made from rose flowers, works well with acne prone skin, hand spots, dark marks, and combination-oily skin. PORE CLEANSING Rose water helps clean pores and tone the skin. It helps hydrate, revitalize and moisturize the skin and maintain the skin's pH balance. TONE: Rosewater can tone down and alleviate temporary redness. GREAT ANTIOXIDANT. It helps to strengthen skin cells and regenerate skin tissues, reducing wrinkles and fine lines. No harmful chemicals. ADDS SHINE TO DULL HAIR!Use: After Cleansing Pat dry and use rose water, morning and evening. LIP OIL : An ANCIENT formula researched by Ancient Flower for Lips  Contains Oils that helps LIGHTENS LIPS, MAKES THEM HEALTHIER, MORE LUSCIOUS AND MOISTURISES LIPS TOO. CONTAILS NO CHEMICALS  100% pure natural and rich oils that enhances the beauty of lips.  Can be used under make up too.  It is a Natural Product so it shows results with time.",Skin Care,24e817d56ed7adfa99cec5712d27f15f
Moisturises And Softens Lips. Water Resistant For Up To 4 Hours. Protects Lips From Harmful Uv Rays - See More At: Http://Natio.Com.Au/Makeup-Lip-Treatments/Lip-Balm-Spf-30#Sthash.Qg5Kzjns.Dpuf,Skin Care,b2c1f4270c38f45031b8f607e69c340d
"Power Source: Rechargeable Battery, , Commodity Certification: CE,",Skin Care,af8c5f47e85a4de4db663b356afa8f7b
"Package Contents: 100% Hand Made Bathing Soaps - 100 Gm Each; Free From Parabens, Derergents,Phthalates And Preservatives. Free From Animal Fat. Made With 100% Hand Made Virgin Coconut Oil. No Harmful Chemicals Or Artificial Colours Used. No Detergents Used..Ensured Good Manufacturing Practices..100% Organic And Hand Made; Choose Your Preferences.",Skin Care,398dfbe3eda9d818948e9a832f4798e7
"Contains the snail secretion filtrate Moisturizing:the product contains the essence of the snail mucus,supply moisture to the skin,nourish the dry rough skin,make skin brightand tender nourishing:Plamts by essence,moistruizing,lock water,moisture,bright skin,smooth,make skin soft and smooth",Skin Care,a67432910a29e7152d0a84d87bde2043
Brand new travel size container.,Skin Care,a102ecf907740d42d5d0b98f306c50e8
"Cold pressed, unrefined, virgin oil of dried Cucumber seeds(Cucumis sativus) .Cucumber seed oil is known to have phytosterol that stimulates regeneration of cells and tissues to make skin healthy from the inside .Helps in diminishing dark under eye circles and wrinkles with continuous use. Natural silica in cucumber seed oil helps to strengthen hair stands,protects and add luster to it. Cold pressed extracted in room temperature from dried cucumber seeds,hence is almost odorless or has very mild cucumber fragrance.Hexane free, undiluted, vegan .Free of any additives/ preservatives/perfumes.",Skin Care,3c9f0592e030f6f1b3046688f6b20400
Bath and Body Works Pink Chiffon Triple Moisture Body Cream (Pack of 2),Skin Care,9086f3119dbbc7325cfd7450127af683
"Lanolin Moisturizer With Spf 30, Pomegranate And Vitamin A Is A Perfect Solution To Your Daily Need Of Protection And Moisturization.It Deeply Penetrates Into The Skin Leaving Your Skin Nourished And Moisturized. Enriched With Spf 30 It Protects Your Skin From The Ageing Effects Of The Environment. Vitamin A Contains Antioxidant Properties That Promotes Skin Renewal And Minimizes The Appearance Of Fine Lines. It Encourages The Production Of Collagen Thereby Giving You A Younger Looking Skin. It Is Readily Absorbed Into The Skin Leaving A Radiant And Moisturized Skin.",Skin Care,7c101f035e6488760f3cf951a00c2124
"Day Creams are a great foundation of moisture for the day head. Environmental stresses can cause the skin to dry out throughout the day, and can also cause premature ageing. The use of Day cream moisturises the skin, leaving the skin hydrated and refreshed. Bee Venom is an active ingredient which works to diminish fine lines and wrinkles on the skin's surface",Skin Care,13e8ac8c982ca1a6c0853ccf6d9049e6
"Image Skincare Ormedic Balancing Gel Masque, 2 Ounce",Skin Care,868d5b3618f7a0220df3ad726383db07
Clean and purify your skin with our Dead Sea Salt peel off! Chamomile soothes your skin and Fucus Vesiculosus (Seaweed) fights free radicals. Leave your skin feeling healthy and revitalised!,Skin Care,c046e8305dcb0dfad804d230c03d52e8
"Dead Sea Moisturizing Day Cream 100 ml tube in box for sensitive and very dry skin - Chamomile - Provides abundant levels of hydration and replenishes essential moisture, helps make-up last all day, minerals combined with Flowers extracts help combat free radicals and pollutants while UV filter protects from sun exposure. Vitamin A helps to fortify the natural process of rejuvenation. The Results - Keeps skin hydrated and replenished, helps to diminish fine lines and visible signs of aging, leaves skin smooth, supple and radiant. Apply over face and neck in the morning, after a thorough cleansing. Excellent for use under make-up",Skin Care,0f41b460c481746178e7235e6f7b0070
"Condition: new: a brand-new, unused, unopened, undamaged item (including handmade items), type: carbonated bubble clay mask, country/region of manufacture: korea, republic of, skin type: all skin types",Skin Care,0a5ce4bc4bf17e0bf2c51eb7f5c2b42d
"Essential oil can be used as multipurpose oil not only cleanses skin effectively and improves skin complexion but also removes dandruff and controls excess oil. It improves concentration. Nourishes the skin. Being a natural antibacterial and antioxidant, essential oil helps to improve the complexion and texture of all types of skin. It's balancing and rejuvenating nature are perfect to clean the pores deeply for lending a clear and refreshed skin all day long.",Skin Care,39d15ca502697022052593e9c5db6d98
"From Nature To You - Nature continues to hold the key to true beauty. Ocean Mineral Lotion with Seaweed Complex utilizes phytochemicals, polysaccharides and 90+ minerals and micro minerals to bring the restorative and youthening elements of the ocean to you in a bioavailable format. When You Want More - Expect more from your daily face lotion. This light and fresh lotion will create balanced and nourished skin. Rapidly restore firmness to tired and worn skin. Boost collagen production while filling in existing wrinkles. Amazingly, anti-radiation properties found in this complex protect from daily and long term sun damage and progressive aging of the skin. Your skin deserves it! For All Skin Types - Without the use of harsh synthetic ingredients, this lotion is perfect for those suffering from dry, sensitive skin. Create balanced and healthy skin moisture. Ocean Mineral Lotion is the perfect choice for clear, smooth and glowing skin. Superior Premium Moisturizer - We are more than an original name and world-class customer service. Our products are crafted in the USA in an FDA certified facility. We utilize only premium ingredients in our natural and organic products. For you that means NO additives, silicones or parabens. Not tested on animals. Only the best natural skin care products backed by our exceptional satisfaction guarantee. Amazing Guarantee - Foxbrim proudly stands behind all it's premium products with a total satisfaction guarantee. If you are unsatisfied in any way we will provide you a full refund. No questions asked",Skin Care,d0af30c2d30b470b388b52401bca6771
"A concentrated moisturizing creme, specially blended with nature's moisturizer, Vitamin E, to minimize the signs of aging and help maintain a more youthful appearance. The natural healing power of Vitamin E replenishes your skin's beauty and helps protect it against harsh elements. This non-greasy formula softens and conditions skin while helping to smooth wrinkles",Skin Care,3e15358c76b7d1b0b0828d68f9896ee2
Item type set kit brand name bittb size 1pcs4pcs set material plastic model number set25 quantity 1pc 1set item including nail rhinestones nail rolls nail dotting pen nail brushes usage nail art nail designs diy manicure suitable for professional use or home use features nail beauty useful nail art tools type nail art set unit type set package weight package size,Skin Care,45fa8c64bd58b856d8cfbe30df5da86f
"Features:

1. Made of high quality Metal, ABS material, durable to use.

2. Wooden handle, easy to grip.

3. Relatively dense needles, convenience to extract propolis honeycombs.

4. Can be disassemble,convenient to use and easy to operate.

5. An indispensable tool for the collection of propolis.

Specifications:

Material: Wooden handle + Metal + ABS

Roller Diameter: approx. 3.5cm / 1.37inch

Needle length: approx. 0.9cm / 0.35inch

Roller Width: approx. 9.9cm / 3.89inch

Wood Handle length: approx.13.5cm / 5.3inch

Total length: approx. 32cm / 12.6inch

Quantity:1 PC

Included:

1 x Beekeeping Honey Uncapping Needle Roller",Skin Care,57ea0b6472f5f56f969d430039889f28
"Concentrate, it's good for your health! With Orange and Neem, Rustic Art hand wash concentrate now brings you the 'Less is More' DIY pack. Dilute the hand wash in 1 litre water to obtain 1.5 liters of hand wash liquid, ready to use overnight! Oranges' acidity and neem's anti bacterial, anti fungal combo, makes Rustic Art hand wash concentrate the perfect cleaner and disinfectant. Carefully formulated to be safe to use, now say good bye to chemicals and the worries surrounding the same. Before cooking, before eating, after washroom, and just when you want to feel neat and tidy. Water Efficient: Requires less water to rinse off. Economical: Effective cost of about Rs.. 54/100 ml when diluted to 1.5 litre. Certified Organic Oils of Coconut, Castor, Karanja, Linseed, Sunflower, Neem, Veg.Glycerin, Orange Oil, Purified Aqua",Skin Care,40dae4dd6da33c38ac18af7d95efa537
"Item Type: Treatment & Mask Type: Peel Mask NET WT: 1 pc Mud Face Mask Model Number: YB006 Feature: Oil-control,Acne Treatment Gender: Unisex Formulation: Mud Ingredient: Remover Face Mask Blackheads Use: Whole Face Certificate Number: Peel Off Black Mask Country/Region of Manufacture: China",Skin Care,144e1ae8e264aa1dd6e45e9f01654161
"Using the products from the Pink Plums Gel & Cream will leave your skin polished, cleansed, and feeling fresh. It contains Vitamin E, It also builds the skin‚Äôs immunity against damage and pollution.Vitamin E, helps to nourish and moisturise your skin, leaving it soft and glowing. This helps restore youthful skin, removes wrinkles, and fine lines eventually. Its help in regenerating skin cells by going deeper into the skin layers, cleaning the pores and enhancing your skin‚Äôs texture. This face Pack needs to be applied on the entire surface of your face, except the area around eyes, and should be left for 30 minutes to dry. After bring washed off with normal water, this PINK PLUMS Face Pack leaves your skin soft and smooth immediately after use.¬† Facial Gel Gently removes impurities and leaves the skin feeling smooth, refreshed and comfortable. Gel is suitable for combination, dry, normal & oily skin. It is also helpful for acne prone skin and can be used by teens and adults. Scrub, it Exfoliates Dead Skin Cells And Gives A Natural Glow to your skin & Makes Your Skin Soft & Happy. This Is a product that is capable of making your skin much better than before. It is not necessary to use the products every day. For best results, apply on the face circular movements for a few minutes. It is good to apply twice a Week.",Skin Care,03ef3bd0ca6a4cf70114d18600ef3955
The natural fibres gently rid your skin of dead skin cells to reveal your naturally soft skin beneath. You don't have to worry about the loofah getting slippery during bath as the Being Trendy oval loofah is designed with an elastic strap. Wet the loofah & use with soap or shower gel. After use wash it clean & hang dry,Skin Care,548e9644b713ec3b40e1d187dddf9caa
"Our body butter has a firmer texture as it waterless thus rich - most suitable for dry parched skin, eczema prone skin. Melts on contact with the body‚Äôs temperature, spreads and goes on very smoothly. Use sparingly indications it helps to nourish dry/chapped skin on your body. Continued usage will give a smooth, soft and glowing skin. See all product description",Skin Care,e696c9366d1a81b85f40147e7ab815ba
KASHMIRI SAFFRON FACIAL TONERS ORGERA BRAND 100% HERBAL NATURAL ORGANIC ORGERA BRAND (200 ml /6.76 fl oz),Skin Care,7d01d98051079871ec90b6b3f5f19562
"100% Brand new and high quality When washing, it can prevent hair getting wet. Make bathing be a funny experience for you. Waterproof, elasticity is good, great for bathing shower wear. Double-layered sewing, beautiful appearance, exquisite workmanship.",Skin Care,f09355b14594f7220b28c54fffffef7d
"Item type: shapers, gender: women, decoration: hollow out, material: polyester blends, spandex, polyester, thickness: thin, shapewear: waist cinchers, model number: sh2566, fabric type: broadcloth, brand name: lobeiok, control level: medium, size: s, m, l, xl, xxl, xxxl, 4xl, 5xl, size note: china size. Please choose the size according to the size chart, color: black, khaki, unit type: piece, package weight: ,package size:",Skin Care,81f520cbb0f05323477a1642f229bcea
"Prime actions: regulate / condition / replenish Plant and marine actives balance hydration with protection Intensive action saturates deeply to replenish moisture and regulate skin tone Maintains radiance and elasticity keeps skin in peak condition Delicate natural scent, light and non-greasy, leaves no oily afterfeel",Skin Care,57a97b2cceef8d84ba4ab3bae7869420
Eco Lips Vegan Bee Free .15 oz,Skin Care,83fc26375d7de20b5bbb969f8bb5a72c
we are incredibly pleased to announce our new brand xplus accessories.This is new xplus loofah. xplus loofah helps you to maintain your healthy and glowing skin. Pair xplus loofah with your favorite body wash & Have a refreshing bath experience. We gives you the best quality products.xplus loofah has so many colour options which will make your life more colourful.,Skin Care,cfadd364e07830a7ed0b0fd4c26c2726
Pedag Perfect Shock Absorbing Heel Pads,Skin Care,6fec0db415f4c8f57e0528be6d3d188d
Color:#2,Skin Care,aae9932f9a5aade92a59d2e67117798e
"Product Awards:2015 Family Choice AwardJust My Style Layered Lip Balm Making Kit has everything you need to create over 5 colorful shimmering lip balms. Choose your fruity flavor, stack your favorite colors and add just the right amount of shimmer for the perfect lip balm made just for you! The kit includes wax base, wax beads, measuring cup, mixing spoon, spatula, (6) sticker labels, (3) fruity flavors, lip shimmer, (5) lip balm containers and easy to follow instructions. The Just My Style Layered Lip Balm Making Kit is recommended for children age 6 and up. Just My Style is a brand of fashion activities that inspire creativity through personalization for today's tweens! The Just My Style brand encompasses all inclusive kits for jewelry making, scrapbooking, stamping and more! Just My Style is a leading creator of innovative crafts and toys that promote creativity and innovative thinking",Skin Care,8dd14b294dc4d2439e9107afe2da9f8b
"Looking for the perfect gift for Birthdays, Anniversaries, Christmas, Valentine‚Äôs, Mother‚Äôs Day, Raksha Bandhan or Just because? With BodyHerbals range of Gift sets you simply can‚Äôt go wrong. Make a statement with BodyHerbals gift sets. Treat your beloved one with our high end spa Gift sets that instills comfort, warmth and serenity. Spark memories and create fun festive feelings of wonderment and merriment. The products range in our gift set are formulated by combining precious essential oils with the blend of natural and organic ingredients. The idea behind the whole creation is to provide you and your dear ones the natural skin care products which are healthy, regenerating and maintain body and skin balance.The Heart shape box with the beautiful red ribbon contains: Orange Shower Gel With Skin Conditioners 200 ml, Orange & Neroli Bathing Bar With Natural Chunks 100 grams, Orange Body Lotion 200 ml, Orange Body Polisher 200 gm, Orange Tea Lights ,Orange Bath Puff. FDA Approved, Clinically Tested, Cruelty-Free, Paraben Free, All Skin Types, For Men & Women.",Skin Care,519cf4bce2512d1aa8ef8019026ae3f2
"Item Type: Treatment & Mask NET WT: 160g Ingredient: Angelica sinensis,pearl powder Model Number: np0052 Formulation: Cream Gender: Unisex Use: Whole Face Feature: Acne Treatment Type: Washable Mask",Skin Care,375da50b359abea60d98823ab5f0e641
"Use: Face, Item Type: Cream, Gender: Female, Brand Name: LAIKOU, Feature: Moisturizing, Ingredient: Snail Original Extract,Pearl Powder, Model Number: LKSWS1, NET WT: 80g, Unit Type: piece, Package Weight: , Package Size:",Skin Care,580626efa441e9b565d91c682286aaf1
"A full-coverage creamy concealer, armed with skincare actives and a cooling zamac tip.",Skin Care,2b1fc7042fbcfa31ece01fcceb670be8
A little goes a long way. One full pump is too much for a full-coverage face look. Build in pea-size droplets until you achieve the finish you want. One pea-size droplet gives you medium-to-full coverage. Two pea-size droplets gives you flawless full coverage.,Skin Care,8f12e932c90d18b7d6d23e43c2f7e94a
"Natural Anti-Acne Cream 30 g Fight acne and get healthy skin with this natural cream that's enriched with Berberis Aquifolium. Key Ingredient: Berberis Aquifolium Benefits: Berberis Aquifolium (Oregon grape root), with its proven efficacy, fights against acne and skin irritation. The soothing effects of Echinacea regenerates healthy skin and ward off infections. Olive leaf extracts prevents the skin from damage and ageing. Face Wash - Acne Clear 190 UNIT - 100ml Enriched with Neem and Tulsi extracts. Key ingredients: Neem and Tulsi extracts Benefits: Neem and Tulsi's antibacterial and antimicrobial activity help in purifying the skin, and prevent it from developing acne and blemishes. Tulsi's antiseptic properties helps to heal scars caused by pimples. Gives the skin a healthy and glowing look.",Skin Care,417409081d820642f15f01a06671e028
"Naturally extracted from sugar cane, beets, grapes and cantaloupes, Glycolic Acid is commonly used for blemish removal, skin brightening and skin renewal. Glycolic Acid is an Alpha Hydroxyl Acid (AHA), making it an excellent exfoliant and ideal aid for erasing sunspots, acne scars, blemishes, fine lines and wrinkles. This peel is a light strength peel perfect for first time users. This peel is one of the most popular strengths as it produces immediate noticeable results.",Skin Care,a2fe19cd789d285be462191e82ae3d0d
"Type:Blackhead RemoverMaterial:Plastic,Size:16.5*13*4cmPackage includes:1 pc",Skin Care,5cb39ce22c04d4e6f975f7f7bb2f935b
1 Fluid Ounce Pump Bottle Made in the USA A Silky Pale Yellow Creme,Skin Care,c6a7999b8a09b3a12eff09b6026d0035
"Type:water supplementMaterial:ABS,Size:5.12*2.82*12.3cmPackage includes:1 pc",Skin Care,5e4babf673ab0ef3cd872e67ce4e007f
"Sonic Handwash gently cleanses your skin, while delighting your senses with its oh so delicious fragrance. So, pamper your hands with every wash and lather up with this foaming liquid handwash for a soft, smooth and satisfying hand washing experience. Sonic Handwash helps in maintaining freshness around you, while delighting your senses with its oh so delicious fragrance.",Skin Care,0a884ef638c47eae7a4b5e0a04e2b25d
"Item Type: Treatment & Mask, Feature: Moisturizing,Oil-control,Anti-Aging,Whitening,Depth Replenishment, Type: Sleeping Mask, Model Number: 45622, GZZZ: YGZWBZ, Country/Region of Manufacture: China, Ingredient: Red Pomegranate, Formulation: Cream, Gender: Unisex, Certification: GZZZ, NET WT: 120g, Use: Whole Face, Certificate Number: 20161112, Unit Type: piece, Package Weight: , Package Size:",Skin Care,77fc9e0dc95951169675fa4e7db5c6f1
"A luxuriously creamy body wash will provide a wonderfully rich lather, beautifully scented with the signature fragrance of Shea butter",Skin Care,548402638529afb51b121f865bb3a235
"Brand name: tmishion, net wt: 12/24/36pots, type: uv gel, model number: nail art uv gel, quantity: 12/24/36pots, ingredient: nail art uv gel, item type: nail gel, unit type: set, package weight: , package size:",Skin Care,a9dd5e05eb59a8bd1028935c7880d660
"PINK PLUMS Give You Face Pack And Massage Cream COMBO (Pack-2) using the products from the Pink Plums Pack & Cream will leave your skin polished, cleansed, and feeling fresh due to the unique formula that contains rich, natural active ingredients. The Face Pack & Cream exfoliates dead skin cells and goes deep into the skin to remove blackheads and whiteheads. It contains Vitamin E, It also builds the skin‚Äôs immunity against damage and pollution.Vitamin E, helps to nourish and moisturise your skin, leaving it soft and glowing. For best results, apply Face Pack on face and neck Leave on for 15-20 minutes. Rinse with water or damp washcloth. Use daily or as needed to lighten and brighten the complexion. Massage Cream Apply on the face Massage with circular movements for a few minutes for 10-15 minutes, then washed with cold water.",Skin Care,45d8f328a9a04b40004344461466233a
"Camel milk rich in alpha hydroxic acid known to replenish skin and act as a natural toner combined with lemongrass, warm and citrusy essential oil prized for its anti-bacterial properties. A real winning combination for any skin type.",Skin Care,23a7c76f77d6182ce8415f1b9cafde94
"Item type: shapers, gender: women, shapewear: control panties, decoration: lace, model number: sh1190, material: spandex, nylon, thickness: thin, fabric type: dobby, brand name: lobeiok, control level: medium, features: shapers, shrink abdomen, protect the waist, ,appropriate season: winter, spring, summer, autumn, size note: china size, please choose the size according to the size chart, size: l, xl, xxl, color: khaki, purple, black, unit type: piece, package weight: ,package size:",Skin Care,a3b3ff6587166d1b66339e7bfcd20140
"Type: Slimming Wraps, Item Type: Weight Loss Creams, Model Number: 8813673, NET WT: 1 x Waist Belt, Unit Type: piece, Package Weight: , Package Size:",Skin Care,15ce142da81d45159e2e386c189fbe07
"Brand Name: Aichun Item Type: Treatment & Mask Ingredient: mixed Type: Peel Mask Model Number: face mask GZZZ: YGZWBZ Feature: Oil-control,Moisturizing Certification: GZZZ Gender: Unisex Formulation: Liquid NET WT: 30g Use: Whole Face Country/Region of Manufacture: China",Skin Care,1ade6da3c0f9a464141f1b7c8d5dd99f
"Item Type: Sleep & Snoring, Pressure Range: 4-20 cmH2O, Type: Eyeshade, Eyeshade Type: 3D Eyeshade, Work Mode: Eye Cover, Model Number: 0612002, Material: Polyester+Sponge, Item Type: 3D eye mask, Color: Black,Purple,Blue,Rose Red,Saika,Leopard,Stripe, Weight: approx.15g, Unit Type: piece, Package Weight: , Package Size:",Skin Care,4c1bf6b0fdf28184c8476c9f1ef42399
"Use: Eye, Item Type: Treatment & Mask, Brand Name: HUAMIANLI, Feature: Moisturizing,Anti-Puffiness,Dark Circle, Ingredient: maquiagem, GZZZ: YGZWBZ, Country/Region of Manufacture: China, Certification: GZZZ, NET WT: 50 Pair, Model Number: Eye Patches, Certificate Number: xx, Gender: Female, Unit Type: piece, Package Weight: , Package Size:",Skin Care,92147673ed7a025ce9a63ee757fa395c
"Method : Foaming Hand Wash, Sweet Water Foaming, 10oz Pump Dispenser With a pleasant fragrance, but ingredients tough enough to remove dirt, this foaming hand wash is made from naturally derived biodegradable ingredients. The vitamin E and aloe make it easy on your hands. Global Product Type: Personal Soaps-Foam; Soap Type: Foam; Application: Hand; Scent: Sweet Water.:Manufactured by.: Method",Skin Care,65e6fd534c777a150d21f17351a95eae
"Wow Arabica coffee scrub has been formulated to minimize appearance of unwanted cellulite that leaves the skin uneven and dimpled. It is natural and has a rich anti-oxidant blend containing Arabica coffee grounds, shea butter, coconut oil amongst other botanicals, that exfoliate and hydrate skin gentle exfoliating face scrub suitable for all skin types minimizes cellulite, reduces stretch marks, improves skin's elasticity infused with organic Arabica coffee grounds, shea butter and coconut oil cruelty free, vegan and antioxidant-rich scrub totally free of harmful sulphates, parabens, or mineral oils",Skin Care,0cbcbab96ed86669bdef87313a13e765
"Eos Hibiscus Peach Wax-Free Lip Balm In Provides Weightless Hydration In A Crystal Clear Sphere. This Innovative Lip Balm Contains Five Nourishing Oils To Soften Lips So Their Natural Beauty Shines Through.Shea, Coconut, Avocado And Other Natural Oilsperfectly Weightless Hydration100% Wax-Freeveganhypoallergenicparaben & Petrolatum-Freenot Tested On Animals Ingredients Dicaprylyl Carbonate, Ricinus Communis (Castor) Seed Oil, Polyamide-3, Isostearyl Isostearate, Butyrospermum Parkii (Shea) Oil, Polyamide-8, Flavor (Aroma), Silica Dimethyl Silylate, Cocos Nucifera (Coconut) Oil, Persea Gratissima (Avocado) Oil, Aloe Barbadensis Leaf Juice, Helianthus Annuus (Sunflower) Seed Oil, Hibiscus Sabdariffa Flower Extract, Prunus Persica (Peach) Fruit Extract, Tocopherol, Citric Acid. Disclaimerthe Product Descriptions And Instructions Provided By Vitabox.Com Are For Informational Purposes Only And Are Qualified In Their Entirety By The Information Available From Manufacturers Of The Products. Y",Skin Care,8f960573b8799ba6f6b1413295251f9a
"OxyGlow brings to you a one stop solution to your beauty and cosmetics products catering to all your needs through its wide range of beauty care products like face wash, bleach, face pack, oils, lotions, gels, conditioners, lip and eye care products and many more. So beat your beauty problems with the help of Oxy Glow‚Äôs range of beauty products at your ease by ordering them immediately!",Skin Care,2adb73b780bdf875e3d62eee2e5d6aba
"Condition: new: a brand-new, unused, unopened, undamaged item (including handmade items), brand: etude house",Skin Care,5180a809bc4e5e1d3637a3dd261f81ea
"Condition: New: A brand-new, unused, unopened, undamaged item (including handmade items). See the seller's ... Read more Brand: Bielenda Target Area: Face,Neck,Decollette Concerns: Early Signs of Aging Gender: Women Skin Type: Mature Skin Country/Region of Manufacture: Poland Features: Ammonia-Free, Colorant-Free, Contains Collagen, Contains Hyaluronic Acid, Contains Minerals, Contains Vitamins, Cruelty-free/No Animal Testing Size: 1oz. Formulation: Serum",Skin Care,3a13fbe9e17c7fcf5b60d032f140bba2
Coppertone Spf#50 Waterbabies Pure & Simple Whipped 5 Ounce Can (147ml) (2 Pack),Skin Care,13272ca85c7ae0cfc197fadd161c382c
Macadamia Oil 100% Natural Pure Undiluted Uncut Carrier Oil,Skin Care,86b9e339790def02c68cc692d3e94562
6.7 oz How to Use-Apply a small amount to dampened face and neck with circular motions. Rinse thoroughly.,Skin Care,b025c10dad28228a78ee9e73d99c5e2c
"Pure Natural Musk melon Seed Oil is used for all types of skin care and Facial & Body massage Oil products. It is touted to be non-clogging to the skin. It is easily absorbed in skin care and is widely used facial and body massage Oil, skin care, and hair treatment products like lotions, facial masks and soaps.",Skin Care,46286b3a6d2a31eeb70a8ace4b0e3f7b
"Coconut oil is known for its many benefits as different food products such as cooking oils, baking s and coconut juice. For those of us growing up in countries along the equator do remember those hot late afternoon with fresh coconut juice picked right off of the palm groves. However, there are numerous surprising benefits of coconut oil when it comes to taking care of your health and your day-to-day well-being. Coconut oil‚Äôs smoothing, antibacterial, and cleansing properties take on an entirely new level when used in your skincare routine. Since it is gentle on the skin and not laden with chemicals, coconut oil is a safe and easy to entrust your skin with. For those who have not used coconut oil before, its various applications can be pleasantly surprising. We are proudly bringing to you coconut oil in the simplest forms ‚Äì coconut soaps and lip palms. Our products ‚Äì Green Garden Coconut oil soaps and lip palms ‚Äì harvest all the wonderful benefits of coconuts oil into soap bars and lip palm gels. When included in your daily routines, our all natural soaps with coconut oil will continuously moisturize your skins after the shower and throughout the day.",Skin Care,5ac3326de07dbeb826d6163a4b21cada
"IMPORTANT NOTE - Bulgarian Formula NOT UK. Bulgarian regulations require a much higher level of proof of effectiveness of product than UK. In reality this means Bulgarian products have a much higher level of active ingredients than UK products. DeBa NIGHT CREAM with vitamin C and micro capsulated vitamin A is formulated to nourish, moisturize and restore the firmness and freshness of the skin of the face and neck during the night. It is absorbed easily without leaving an excessive oily layer. With regular use the skin recovers its healthy youth appearances, in the morning it is fresh, smooth and vital.",Skin Care,9e512beba1fdc8489e984c147ae354ea
"Our approach to skin care is all about its‚Äô health the product line consists of various skin care items formulated for the safe, fast and effective delivery of unrefined nutrients to the skin ingredients found in nature in their purest, food grade form are the beginning and the end of every formulation in every bottle of enchanted formulae extensive use of herb ology allows us to care for the skin through our product that is formulated with raw, active and fresh ingredients which human skin can recognize and utilize to its‚Äô own benefit all products are entirely free of synthetic ingredients, alcohols, artificial preservatives, fragrances and irritants",Skin Care,7fb26f80b9ab9921451ff1ade58c985a
"PINK PLUMS Scrub COMBO (Pack-2) using the products from the Pink Plums Scrub will leave your skin polished, cleansed, and feeling fresh due to the unique formula that contains rich, natural active ingredients. The Scrub exfoliates dead skin cells and goes deep into the skin to remove blackheads and whiteheads. It contains Vitamin E, It also builds the skin‚Äôs immunity against damage and pollution.Vitamin E, helps to nourish and moisturise your skin, leaving it soft and glowing. For best results, apply Scrub on face, Massage with Circular movements and Leave on for 15-20 minutes. Rinse with water or damp washcloth. Use daily or as needed to lighten and brighten the complexion.",Skin Care,8a8d58dd8cbe624524cb10dff2bb9594
EOS Organic Lip Balm Sphere - Sweet Mint - 2 Pack,Skin Care,1136887552f263bcc4c63deb6516c065
"Brand Name: Lianth, Model Number: T258, Material: Non-Woven, Item Type: Braces & Supports, Effect: Slimming Beauty Product, Unit Type: Piece, Package Weight: , Package Size:",Skin Care,d58782ca75342f10ef0dc7aa6d169248
1pcs 2-in-1 sided wooden natural bristles scrubber long handle shower bath brush body massage brushes,Skin Care,e1bfe7f9934f339acd22c118c51b36f9
"Gender: women, item type: shapers, shapewear: control panties, material: modal, polyester, spandex, gzxisi, thickness: standard, decoration: none, model number: a69 lose weight belly, control level: firm, fabric type: broadcloth, gender: women, item type: shapers, hot shapers pants: waist trainer slimming underwear, control shapewear: slimming belt briefs shaper, underwear: slimming belt, body shaper: control pants, thickness: thin section, inventory type: the entire single, revision: possible revision, size: s, m, l, xl, xxl, unit type: piece, package weight: ,package size:",Skin Care,4cf411dc9c7b861309702d39dd80dd00
"Item Type: Treatment & Mask, Gender: Unisex Feature: Whitening,Anti-Aging,Moisturizing,Acne Treatment,Oil-control,Depth Replenishment, Model Number: sheet mask, Formulation: Lotion Type: Wrapped Mask, Use: Whole Face, Ingredient: mixed, NET WT: 30g, Unit Type: lot (10 pieces/lot)",Skin Care,5dafb894e2772b5a57b639925c036b13
"This brush‚Äôs soft synthetic bristles pick up and apply the right amount of product for a beautiful, diffused look. The angled shape allows for easy application by hugging the contours of your cheeks. It features magnetic ombre handle with synthetic bristles.",Skin Care,b76bd3f0de8c2055e8f709d0e8f9ae15
"Model Number: 1pc, Size: As the picture shows Type: Cartoon Animal, False Eyelash Craft: Machine Made, Material: Plush + Satin, Item Type: Sleep & Snoring Eye Mask, Material: Plush + Satin, Colors: Pink, White, Black(Optional), Package Weight: Approx. 18g, Feature 1: Eye Mask, Feature 2: Sleep Eyeshade, Feature 3: Shade Cover, Feature 4: Massage Relax, Feature 5: Cartoon Animal, Feature 6: Soft Cute",Skin Care,92d624118d4b5b6228eb4be9e871c564
Bentonite clay draws toxins from the skin and help to clear excess oils while the oatmeal restores a natural healthy moisture balance. Bentonite clay has negatively charged electrons while most toxins and heavy metals have positively charged electrons. This allows causes the clay to bind with the toxin which allows for easily removal when rinsing. Excellent for oily/acne prone skin,Skin Care,f3dd556275ef7c5cac564f04cc1ce23d
"Type: face lift tools, model number: ksl01, brand name: ksbelle, false eyelash craft: machine made, material: fabric, type: physical face lift tools, application: personal, function: v facial lift up, color: pink/orange, unit type: piece, package weight: ,package size:",Skin Care,75cd9f52749f78738183a7402cc45b92
